{
    "answers": {
        "phase": "design",
        "action": "source code authoring",
        "scope": "frontend",
        "action experience": "none",
        "prog lang": "other",
        "other prog lang": "css and html",
        "tool": "chat gpt 4.x",
        "other tool": "none",
        "tool option": "full",
        "tool experience": "enough",
        "time allocated (h)": "1",
        "time saved estimate (h)": "2", 
        "quality of ai help": "ready-to-use",
        "generic feeling": "great as-is",
        "notes": "chatgpt is good and fast at css and html"
    }
}
