{
    "answers": {
        "phase": "coding",
        "action": "source code authoring",
        "scope": "frontend",
        "action experience": "little",
        "prog lang": "other",
        "other prog lang": "html",
        "tool": "chat gpt 4.x",
        "other tool": " ",
        "tool option": "full",
        "tool experience": "master",
        "time allocated (h)": "1.5",
        "time saved estimate (h)": "4", 
        "quality of ai help": "minor modifications needed",
        "generic feeling": "great in the future",
        "notes": " "
    }
}
