{
    "answers": {
        "phase": "coding",
        "action": "source code authoring",
        "scope": "api",
        "action experience": "little",
        "prog lang": "python",
        "other prog lang": " ",
        "tool": "chat gpt 4.x",
        "other tool": " ",
        "tool option": "full",
        "tool experience": "master",
        "time allocated (h)": "2",
        "time saved estimate (h)": "5", 
        "quality of ai help": "minor modifications needed",
        "generic feeling": "needs work",
        "notes": " "
    }
}
