{
    "answers": {
        "phase": "requirements gathering",
        "action": "use case specification",
        "scope": "documentation (text)",
        "action experience": "none", 
        "prog lang": "n/a", 
        "other prog lang": "none",  
        "tool": "chat gpt 4.x",
        "other tool": "none", 
        "tool option": "full",  
        "tool experience": "enough",  
        "time allocated (h)": "1.5",  
        "time saved estimate (h)": "5",  
        "quality of ai help": "minor modifications needed",  
        "generic feeling": "great as-is",  
        "notes": "none"  
    }
}
