{
    "answers": {
        "phase": "architecture",
        "action": "architectural decision",
        "scope": "uml activity",
        "action experience": "none",
        "prog lang": "n/a",
        "other prog lang": "<fill in>",
        "tool": "chat gpt 3.x",
        "other tool": "<fill in>",
        "tool option": "free",
        "tool experience": "enough",
        "time allocated (h)": "0.1",
        "time saved estimate (h)": "1", 
        "quality of ai help": "major modifications needed",
        "generic feeling": "needs work",
        "notes": "Create UML Activity Diagram"
    }
}