{
    "answers": {
        "phase": "architecture",
        "action": "architectural decision",
        "scope": "backend",
        "action experience": "fair",
        "prog lang": "python",
        "other prog lang": " ",
        "tool": "chat gpt 4.x",
        "other tool": " ",
        "tool option": "full",
        "tool experience": "master",
        "time allocated (h)": "0.1",
        "time saved estimate (h)": "2", 
        "quality of ai help": "minor modifications needed",
        "generic feeling": "great in the future",
        "notes": " "
    }
}
