{
    "answers": {
        "phase": "design",
        "action":"design decision",
        "scope": "frontend",
        "action experience": "little",
        "prog lang": "other",
        "other prog lang": "java-script, css, html",
        "tool": "chat gpt 4.x",
        "other tool": " ",
        "tool option": "full",
        "tool experience": "master",
        "time allocated (h)": "0.3",
        "time saved estimate (h)": "2", 
        "quality of ai help": "ready-to-use",
        "generic feeling": "great as-is",
        "notes": " "
    }
}
