{
    "answers": {
        "phase": "coding",
        "action": "source code authoring",
        "scope": "frontend",
        "action experience": "little",
        "prog lang": "other",
        "other prog lang": "java-script, html, css",
        "tool": "chat gpt 4.x",
        "other tool": " ",
        "tool option": "full",
        "tool experience": "master",
        "time allocated (h)": "2",
        "time saved estimate (h)": "5", 
        "quality of ai help": "ready-to-use",
        "generic feeling": "great as-is",
        "notes": " "
    }
}
