{
    "answers": {
        "phase": "testing",
        "action": "code management",
        "scope": "documentation (text)",
        "action experience": "little",
        "prog lang": "n/a",
        "other prog lang": "<fill in>",
        "tool": "chat gpt 3.x",
        "other tool": "<fill in>",
        "tool option": "free",
        "tool experience": "enough",
        "time allocated (h)": "0.5",
        "time saved estimate (h)": "0.5", 
        "quality of ai help": "major modifications needed",
        "generic feeling": "needs work",
        "notes": "ended up finding the answer myself"
    }
}
