{
    "answers": {
        "phase": "coding",
        "action": "integration testing",
        "scope": "frontend",
        "action experience": "little",
        "prog lang":  "python",
        "other prog lang": "css",
        "tool":  "chat gpt 4.x",
        "other tool": "none",
        "tool option": "full",
        "tool experience": "enough",
        "time allocated (h)": "2",
        "time saved estimate (h)": "20", 
        "quality of ai help":  "minor modifications needed",
        "generic feeling":  "great in the future",
        "notes": "sometimes didn't do exactly as i needed but overall good"
    }
}
