{
    "answers": {
        "phase": "coding",
        "action": "integration testing",
        "scope": "frontend",
        "action experience": "none",
        "prog lang": "python",
        "other prog lang": "css",
        "tool": "chat gpt 4.x",
        "other tool": "<fill in>",
        "tool option": "full",
        "tool experience": "enough",
        "time allocated (h)": "2",
        "time saved estimate (h)": "4", 
        "quality of ai help": "ready-to-use",
        "generic feeling": "great as-is",
        "notes": "<mostly did what i needed>"
    }
}
