{
    "answers": {
        "phase": "testing",
        "action": "other testing",
        "scope": "cli",
        "action experience": "big",
        "prog lang": "python",
        "other prog lang": "<fill in>",
        "tool": "chat gpt 3.x",
        "other tool": "<fill in>",
        "tool option": "free",
        "tool experience": "enough",
        "time allocated (h)": "2",
        "time saved estimate (h)": "2.5", 
        "quality of ai help": "ready-to-use",
        "generic feeling": "great in the future",
        "notes": "understanding system testing& some error handling"
    }
}