{
    "answers": {
        "phase": "coding",
        "action": "problem understanding",
        "scope": "api",
        "action experience": "big",
        "prog lang": "python",
        "other prog lang": "<fill in>",
        "tool": "chat gpt 3.x",
        "other tool": "<fill in>",
        "tool option": "free",
        "tool experience": "enough",
        "time allocated (h)": "0.5",
        "time saved estimate (h)": "3", 
        "quality of ai help": "ready-to-use",
        "generic feeling": "great in the future",
        "notes": "setting the api connection on my computer"
    }
}