{
    "answers": {
        "phase": ["coding"],
        "action": ["source code authoring"],
        "scope": ["api"],
        "action experience": ["big"],
        "prog lang": ["python"],
        "other prog lang": "<fill in>",
        "tool": ["chat gpt 3.x"],
        "other tool": "<fill in>",
        "tool option": ["free"],
        "tool experience": ["enough"],
        "time allocated (h)": "0.1",
        "time saved estimate (h)": "0.5", 
        "quality of ai help": ["minor modifications needed"],
        "generic feeling": ["great in the future"],
        "notes": "Flask API for MySQL"
    }
}