{
    "answers": {
        "phase": "design",
        "action": "code management",
        "scope": "frontend",
        "action experience": "big",
        "prog lang": "python",
        "other prog lang": "<fill in>",
        "tool": "chat gpt 3.x",
        "other tool": "<fill in>",
        "tool option": "free",
        "tool experience": "master",
        "time allocated (h)": "1",
        "time saved estimate (h)": "3", 
        "quality of ai help": "minor modifications needed",
        "generic feeling": "great in the future",
        "notes": "displaying correctly info for writer and directors in the movie's page"
    }
}