{
    "answers": {
        "phase": "requirements gathering",
        "action": "architectural decision",
        "scope":"uml sequence",
        "action experience": "none",
        "prog lang": "n/a",
        "other prog lang": " ",
        "tool": "chat gpt 4.x",
        "other tool": " ",
        "tool option": "full",
        "tool experience": "master",
        "time allocated (h)": "0.15",
        "time saved estimate (h)": "4", 
        "quality of ai help": "ready-to-use",
        "generic feeling": "great as-is",
        "notes": " "
    }
}
