{
    "answers": {
        "phase": "coding",
        "action": "source code authoring",
        "scope": "api",
        "action experience": "little",
        "prog lang": "python",
        "other prog lang": " ",
        "tool": "chat gpt 4.x",
        "other tool": " ",
        "tool option": "full",
        "tool experience": "master",
        "time allocated (h)": "1.5",
        "time saved estimate (h)": "3", 
        "quality of ai help": "ready-to-use",
        "generic feeling": "great as-is",
        "notes": " "
    }
}
