{
    "answers": {
        "phase": "coding",
        "action": "problem understanding",
        "scope": "frontend",
        "action experience": "little",
        "prog lang": "other",
        "other prog lang": "css and html",
        "tool": "chat gpt 4.x",
        "other tool": "none",
        "tool option": "full",
        "tool experience":  "enough",
        "time allocated (h)": "1",
        "time saved estimate (h)": "4", 
        "quality of ai help": "minor modifications needed",
        "generic feeling":  "great in the future",
        "notes": "some things were ready to use, others were only explanations i needed, overall ok"
    }
}
