{
    "answers": {
        "phase": "coding",
        "action": "functional test",
        "action experience": "little",
        "prog lang": "python",
        "other prog lang": "css and html",
        "tool": "chat gpt 4.x",
        "other tool": "<fill in>",
        "tool option": "full",
        "tool experience": "enough",
        "time allocated (h)": "2",
        "time saved estimate (h)": "10", 
        "quality of ai help": "minor modifications needed",
        "generic feeling": "great as-is",
        "notes": "<needed multiple times to fix the same issue because it deleted some elements while remaking the code>"
    }
}
