{
    "answers": {
        "phase": "requirements specification",
        "action": "requirements (functional)",
        "scope": "documentation (text)",
        "action experience": "little",
        "prog lang": "n/a",
        "other prog lang": " ",
        "tool": "chat gpt 4.x",
        "other tool": " ",
        "tool option": "full",
        "tool experience": "enough",
        "time allocated (h)": "0.5",
        "time saved estimate (h)": "3", 
        "quality of ai help": "minor modifications needed",
        "generic feeling": "great in the future",
        "notes": " "
    }
}