{
    "answers": {
        "phase": "testing",
        "action": "functional testing",
        "scope": "frontend",
        "action experience": "little",
        "prog lang":  "python",
        "other prog lang": "html, css",
        "tool": "chat gpt 4.x",
        "other tool": "<fill in>",
        "tool option": "free trial",
        "tool experience": "enough",
        "time allocated (h)": "2",
        "time saved estimate (h)": "3", 
        "quality of ai help": "minor modifications needed",
        "generic feeling": "great in the future",
        "notes": "confusion"
    }
}
